{"text": " \u0c05\u0c02\u0c26\u0c41\u0c32\u0c4b \u0c05\u0c2c\u0c26\u0c4d\u0c27\u0c2e\u0c41 \u0c32\u0c47\u0c26\u0c41", "segments": [{"id": 0, "seek": 0, "start": 0.0, "end": 2.72, "text": " \u0c05\u0c02\u0c26\u0c41\u0c32\u0c4b \u0c05\u0c2c\u0c26\u0c4d\u0c27\u0c2e\u0c41 \u0c32\u0c47\u0c26\u0c41", "tokens": [50365, 220, 19135, 227, 19135, 224, 19135, 99, 36667, 223, 19135, 110, 36667, 233, 220, 19135, 227, 19135, 105, 19135, 99, 36667, 235, 19135, 100, 19135, 106, 36667, 223, 220, 19135, 110, 36667, 229, 19135, 99, 36667, 223, 50501], "temperature": 0.0, "avg_logprob": -0.12460057735443116, "compression_ratio": 1.06, "no_speech_prob": 0.00010367487993789837}], "language": "te"}